Year,CP,Coal price Growth (%),Oil price Growth (%),Nat Gas price Growth (%),Uranium price Growth (%),Corporate Profits Growth (%),DATE,M2SL,M2 Growth (%),Wages growth (%),Inflation (%)
1960,"331.382.500.000.000.000,00","-0,02","-0,01","0,08","-0,01","-0,04","21.551,00","286,60","0,04","0,03","0,015"
1961,"319.677.500.000.000.000,00","-0,02","0,00","0,07","-0,01","-0,01","21.582,00","287,70","0,07","0,03","0,011"
1962,"317.015.000.000.000.000,00","-0,02","0,00","0,07","-0,01","0,13","21.610,00","289,20","0,08","0,04","0,012"
1963,"359.082.500.000.000.000,00","-0,02","0,00","0,00","-0,02","0,08","21.641,00","290,10","0,08","0,04","0,012"
1964,"389.252.500.000.000.000,00","0,01","0,00","-0,06","-0,02","0,15","21.671,00","292,20","0,08","0,05","0,013"
1965,"448.730.000.000.000.000,00","-0,01","-0,01","0,07","0,00","0,19","21.702,00","294,10","0,08","0,04","0,016"
1966,"533.417.500.000.000.000,00","0,02","0,01","0,00","0,00","0,09","21.732,00","295,20","0,07","0,04","0,030"
1967,"581.520.000.000.000.000,00","0,02","0,01","0,00","0,00","-0,03","21.763,00","296,40","0,07","0,04","0,028"
1968,"566.117.500.000.000.000,00","0,01","0,01","0,00","0,00","0,07","21.794,00","296,70","0,08","0,07","0,043"
1969,"607.422.500.000.000.000,00","0,07","0,05","0,06","0,00","-0,02","21.824,00","296,50","0,06","0,07","0,055"
1970,"596.945.000.000.000.000,00","0,25","0,03","0,00","-0,01","-0,08","21.855,00","297,10","0,04","0,07","0,058"
1971,"549.997.500.000.000.000,00","0,13","0,07","0,06","-0,03","0,17","21.885,00","297,80","0,12","0,07","0,043"
1972,"644.627.500.000.000.000,00","0,08","0,00","0,06","-0,02","0,19","21.916,00","298,20","0,12","0,07","0,033"
1973,"767.745.000.000.000.000,00","0,11","0,15","0,11","0,08","0,31","21.947,00","298,40","0,10","0,06","0,062"
1974,"1.004.985.000.000.000.000,00","0,84","0,77","0,38","0,72","0,14","21.976,00","299,30","0,06","0,07","0,111"
1975,"1.142.917.500.000.000.000,00","0,22","0,12","0,48","1,15","-0,05","22.007,00","300,10","0,09","0,08","0,091"
1976,"1.085.087.500.000.000.000,00","0,01","0,07","0,35","0,68","0,26","22.037,00","300,90","0,13","0,07","0,057"
1977,"1.367.960.000.000.000.000,00","0,02","0,05","1,05","0,06","0,17","22.068,00","302,30","0,12","0,07","0,065"
1978,"1.599.890.000.000.000.000,00","0,10","0,05","0,10","0,02","0,20","22.098,00","304,10","0,08","0,07","0,076"
1979,"1.925.577.500.000.000.000,00","0,09","0,40","-0,10","-0,02","0,14","22.129,00","306,90","0,08","0,08","0,113"
1980,"2.204.047.500.000.000.000,00","0,04","0,71","0,35","-0,25","-0,06","22.160,00","308,40","0,08","0,10","0,135"
1981,"2.072.737.500.000.000.000,00","0,07","0,47","0,50","-0,24","0,00","22.190,00","309,50","0,09","0,09","0,103"
1982,"2.063.097.500.000.000.000,00","0,03","-0,10","0,04","-0,18","-0,12","22.221,00","310,90","0,09","0,08","0,061"
1983,"1.810.335.000.000.000.000,00","-0,05","-0,08","0,05","0,15","0,09","22.251,00","312,40","0,12","0,05","0,032"
1984,"1.974.682.500.000.000.000,00","-0,01","-0,01","0,18","-0,25","0,10","22.282,00","314,10","0,08","0,05","0,043"
1985,"2.167.632.500.000.000.000,00","-0,02","-0,07","-0,18","-0,10","-0,04","22.313,00","316,50","0,09","0,05","0,035"
1986,"2.080.392.500.000.000.000,00","-0,06","-0,48","-0,07","0,09","-0,16","22.341,00","318,30","0,08","0,04","0,019"
1987,"1.743.230.000.000.000.000,00","-0,03","0,23","-0,12","-0,01","0,25","22.372,00","319,90","0,06","0,04","0,037"
1988,"2.180.882.500.000.000.000,00","-0,04","-0,18","0,01","-0,13","0,21","22.402,00","322,20","0,05","0,05","0,041"
1989,"2.640.900.000.000.000.000,00","-0,01","0,26","0,01","-0,31","0,00","22.433,00","324,30","0,04","0,03","0,048"
1990,"2.649.817.500.000.000.000,00","0,00","0,26","0,00","-0,03","0,07","22.463,00","325,60","0,06","0,05","0,054"
1991,"2.822.352.500.000.000.000,00","-0,01","-0,17","-0,29","-0,13","0,10","22.494,00","327,60","0,04","0,04","0,042"
1992,"3.115.042.500.000.000.000,00","-0,02","-0,03","0,46","0,01","0,06","22.525,00","329,50","0,02","0,05","0,030"
1993,"3.306.467.500.000.000.000,00","-0,06","-0,11","-0,02","0,18","0,06","22.555,00","331,10","0,01","0,02","0,030"
1994,"3.508.977.500.000.000.000,00","-0,02","-0,07","0,09","-0,07","0,22","22.586,00","333,40","0,01","0,02","0,026"
1995,"4.290.335.000.000.000.000,00","-0,03","0,11","-0,09","0,24","0,14","22.616,00","335,50","0,02","0,03","0,028"
1996,"4.908.022.500.000.000.000,00","-0,02","0,26","0,48","0,34","0,07","22.647,00","337,50","0,05","0,04","0,029"
1997,"5.273.540.000.000.000.000,00","-0,02","-0,07","-0,21","-0,22","0,08","22.678,00","340,10","0,05","0,05","0,023"
1998,"5.721.245.000.000.000.000,00","-0,03","-0,37","-0,16","-0,14","-0,12","22.706,00","343,10","0,07","0,05","0,016"
1999,"5.062.725.000.000.000.000,00","-0,06","0,43","0,09","-0,04","0,06","22.737,00","345,50","0,07","0,04","0,022"
2000,"5.384.780.000.000.000.000,00","0,01","0,72","0,90","-0,17","-0,05","22.767,00","347,50","0,06","0,06","0,034"
2001,"5.131.232.500.000.000.000,00","0,04","-0,18","0,01","0,04","0,01","22.798,00","349,30","0,09","0,03","0,028"
2002,"5.188.957.500.000.000.000,00","0,03","0,03","-0,23","0,14","0,21","22.828,00","350,80","0,07","0,02","0,016"
2003,"6.278.730.000.000.000.000,00","-0,01","0,22","0,63","0,14","0,20","22.859,00","352,80","0,07","0,03","0,023"
2004,"7.563.570.000.000.000.000,00","0,12","0,33","0,15","0,61","0,29","22.890,00","354,90","0,05","0,05","0,027"
2005,"9.791.932.500.000.000.000,00","0,18","0,37","0,48","0,55","0,31","22.920,00","357,20","0,04","0,03","0,034"
2006,"12.854.405.000.000.000.000,00","0,07","0,19","-0,24","0,71","0,10","22.951,00","359,80","0,05","0,05","0,032"
2007,"14.140.140.000.000.000.000,00","0,04","0,11","0,04","1,08","-0,04","22.981,00","362,70","0,06","0,05","0,029"
2008,"13.601.625.000.000.000.000,00","0,19","0,41","0,25","-0,35","-0,17","23.012,00","365,20","0,07","0,03","0,038"
2009,"11.233.892.500.000.000.000,00","0,06","-0,40","-0,53","-0,27","0,12","23.043,00","367,90","0,08","0,01","-0,004"
2010,"12.635.585.000.000.000.000,00","0,07","0,33","0,01","-0,02","0,24","23.071,00","370,70","0,02","0,03","0,016"
2011,"15.617.462.500.000.000.000,00","0,22","0,28","-0,09","0,22","-0,02","23.102,00","373,30","0,07","0,03","0,032"
2012,"15.374.667.500.000.000.000,00","-0,21","-0,01","-0,21","-0,13","0,18","23.132,00","376,10","0,09","0,03","0,021"
2013,"18.215.142.500.000.000.000,00","-0,13","0,02","0,31","-0,21","-0,02","23.163,00","378,40","0,07","0,01","0,015"
2014,"17.888.810.000.000.000.000,00","-0,17","-0,09","0,06","-0,13","0,04","23.193,00","381,10","0,06","0,03","0,016"
2015,"18.574.035.000.000.000.000,00","-0,16","-0,49","-0,31","0,10","-0,07","23.224,00","383,60","0,06","0,03","0,001"
2016,"17.319.885.000.000.000.000,00","0,12","-0,14","-0,17","-0,28","0,02","23.255,00","386,00","0,07","0,01","0,013"
2017,"17.580.747.500.000.000.000,00","0,33","0,25","0,35","-0,17","0,08","23.285,00","388,30","0,06","0,03","0,021"
2018,"18.972.510.000.000.000.000,00","0,22","0,28","-0,06","0,11","0,03","23.316,00","391,50","0,04","0,03","0,024"
2019,"19.600.432.500.000.000.000,00","-0,27","-0,09","-0,19","0,06","0,02","23.346,00","393,20","0,05","0,03","0,018"
2020,"20.073.902.500.000.000.000,00","-0,22","-0,34","-0,22","0,14","0,05","23.377,00","395,20","0,19","0,07","0,012"
2021,"21.109.252.500.000.000.000,00","1,26","0,79","1,11","0,12","0,30","23.408,00","397,60","0,16","0,06","0,047"
2022,"27.498.400.000.000.000.000,00","1,50","0,47","0,50","0,24","0,04","23.437,00","399,80","0,05",,"0,080"
,"28.721.627.500.000.000.000,00",,,,,,"23.468,00","401,70","-0,03",,
,.,,,,,,"23.498,00","404,20",,,
,,,,,,,"23.529,00","407,10",,,
,,,,,,,"23.559,00","410,10",,,
,,,,,,,"23.590,00","413,40",,,
,,,,,,,"23.621,00","416,90",,,
,,,,,,,"23.651,00","419,10",,,
,,,,,,,"23.682,00","422,00",,,
,,,,,,,"23.712,00","424,70",,,
,,,,,,,"23.743,00","427,50",,,
,,,,,,,"23.774,00","430,40",,,
,,,,,,,"23.802,00","433,20",,,
,,,,,,,"23.833,00","435,40",,,
,,,,,,,"23.863,00","437,10",,,
,,,,,,,"23.894,00","440,10",,,
,,,,,,,"23.924,00","442,90",,,
,,,,,,,"23.955,00","445,80",,,
,,,,,,,"23.986,00","449,50",,,
,,,,,,,"24.016,00","452,60",,,
,,,,,,,"24.047,00","455,70",,,
,,,,,,,"24.077,00","459,20",,,
,,,,,,,"24.108,00","462,00",,,
,,,,,,,"24.139,00","464,60",,,
,,,,,,,"24.167,00","467,20",,,
,,,,,,,"24.198,00","469,30",,,
,,,,,,,"24.228,00","470,10",,,
,,,,,,,"24.259,00","471,20",,,
,,,,,,,"24.289,00","470,90",,,
,,,,,,,"24.320,00","472,60",,,
,,,,,,,"24.351,00","475,40",,,
,,,,,,,"24.381,00","475,70",,,
,,,,,,,"24.412,00","477,30",,,
,,,,,,,"24.442,00","480,20",,,
,,,,,,,"24.473,00","481,60",,,
,,,,,,,"24.504,00","485,10",,,
,,,,,,,"24.532,00","489,70",,,
,,,,,,,"24.563,00","492,10",,,
,,,,,,,"24.593,00","497,20",,,
,,,,,,,"24.624,00","502,00",,,
,,,,,,,"24.654,00","506,30",,,
,,,,,,,"24.685,00","510,80",,,
,,,,,,,"24.716,00","514,70",,,
,,,,,,,"24.746,00","518,20",,,
,,,,,,,"24.777,00","521,20",,,
,,,,,,,"24.807,00","524,80",,,
,,,,,,,"24.838,00","527,40",,,
,,,,,,,"24.869,00","530,40",,,
,,,,,,,"24.898,00","533,20",,,
,,,,,,,"24.929,00","535,70",,,
,,,,,,,"24.959,00","538,90",,,
,,,,,,,"24.990,00","542,60",,,
,,,,,,,"25.020,00","545,60",,,
,,,,,,,"25.051,00","549,40",,,
,,,,,,,"25.082,00","553,60",,,
,,,,,,,"25.112,00","557,60",,,
,,,,,,,"25.143,00","562,40",,,
,,,,,,,"25.173,00","566,80",,,
,,,,,,,"25.204,00","569,30",,,
,,,,,,,"25.235,00","571,90",,,
,,,,,,,"25.263,00","574,40",,,
,,,,,,,"25.294,00","575,70",,,
,,,,,,,"25.324,00","576,50",,,
,,,,,,,"25.355,00","578,50",,,
,,,,,,,"25.385,00","579,50",,,
,,,,,,,"25.416,00","580,10",,,
,,,,,,,"25.447,00","582,10",,,
,,,,,,,"25.477,00","583,40",,,
,,,,,,,"25.508,00","585,40",,,
,,,,,,,"25.538,00","587,90",,,
,,,,,,,"25.569,00","589,60",,,
,,,,,,,"25.600,00","586,30",,,
,,,,,,,"25.628,00","587,30",,,
,,,,,,,"25.659,00","588,40",,,
,,,,,,,"25.689,00","591,50",,,
,,,,,,,"25.720,00","595,20",,,
,,,,,,,"25.750,00","599,10",,,
,,,,,,,"25.781,00","604,90",,,
,,,,,,,"25.812,00","611,20",,,
,,,,,,,"25.842,00","616,40",,,
,,,,,,,"25.873,00","621,10",,,
,,,,,,,"25.903,00","626,50",,,
,,,,,,,"25.934,00","632,90",,,
,,,,,,,"25.965,00","641,00",,,
,,,,,,,"25.993,00","649,90",,,
,,,,,,,"26.024,00","658,40",,,
,,,,,,,"26.054,00","666,70",,,
,,,,,,,"26.085,00","673,00",,,
,,,,,,,"26.115,00","679,60",,,
,,,,,,,"26.146,00","685,50",,,
,,,,,,,"26.177,00","692,50",,,
,,,,,,,"26.207,00","698,40",,,
,,,,,,,"26.238,00","704,60",,,
,,,,,,,"26.268,00","710,30",,,
,,,,,,,"26.299,00","717,70",,,
,,,,,,,"26.330,00","725,70",,,
,,,,,,,"26.359,00","733,50",,,
,,,,,,,"26.390,00","738,40",,,
,,,,,,,"26.420,00","743,30",,,
,,,,,,,"26.451,00","749,70",,,
,,,,,,,"26.481,00","759,50",,,
,,,,,,,"26.512,00","768,70",,,
,,,,,,,"26.543,00","778,30",,,
,,,,,,,"26.573,00","786,90",,,
,,,,,,,"26.604,00","793,90",,,
,,,,,,,"26.634,00","802,30",,,
,,,,,,,"26.665,00","810,30",,,
,,,,,,,"26.696,00","814,10",,,
,,,,,,,"26.724,00","815,30",,,
,,,,,,,"26.755,00","819,70",,,
,,,,,,,"26.785,00","826,80",,,
,,,,,,,"26.816,00","833,30",,,
,,,,,,,"26.846,00","836,50",,,
,,,,,,,"26.877,00","838,80",,,
,,,,,,,"26.908,00","839,30",,,
,,,,,,,"26.938,00","842,60",,,
,,,,,,,"26.969,00","848,90",,,
,,,,,,,"26.999,00","855,50",,,
,,,,,,,"27.030,00","859,70",,,
,,,,,,,"27.061,00","864,20",,,
,,,,,,,"27.089,00","870,10",,,
,,,,,,,"27.120,00","872,90",,,
,,,,,,,"27.150,00","874,60",,,
,,,,,,,"27.181,00","877,80",,,
,,,,,,,"27.211,00","881,40",,,
,,,,,,,"27.242,00","884,10",,,
,,,,,,,"27.273,00","887,90",,,
,,,,,,,"27.303,00","893,30",,,
,,,,,,,"27.334,00","898,60",,,
,,,,,,,"27.364,00","902,10",,,
,,,,,,,"27.395,00","906,30",,,
,,,,,,,"27.426,00","914,10",,,
,,,,,,,"27.454,00","925,00",,,
,,,,,,,"27.485,00","935,10",,,
,,,,,,,"27.515,00","947,90",,,
,,,,,,,"27.546,00","963,00",,,
,,,,,,,"27.576,00","975,10",,,
,,,,,,,"27.607,00","983,10",,,
,,,,,,,"27.638,00","991,50",,,
,,,,,,,"27.668,00","997,80",,,
,,,,,,,"27.699,00","1.006,90",,,
,,,,,,,"27.729,00","1.016,20",,,
,,,,,,,"27.760,00","1.026,60",,,
,,,,,,,"27.791,00","1.040,30",,,
,,,,,,,"27.820,00","1.050,00",,,
,,,,,,,"27.851,00","1.060,80",,,
,,,,,,,"27.881,00","1.072,10",,,
,,,,,,,"27.912,00","1.077,60",,,
,,,,,,,"27.942,00","1.086,30",,,
,,,,,,,"27.973,00","1.098,70",,,
,,,,,,,"28.004,00","1.110,80",,,
,,,,,,,"28.034,00","1.125,00",,,
,,,,,,,"28.065,00","1.138,20",,,
,,,,,,,"28.095,00","1.152,00",,,
,,,,,,,"28.126,00","1.165,20",,,
,,,,,,,"28.157,00","1.177,60",,,
,,,,,,,"28.185,00","1.188,50",,,
,,,,,,,"28.216,00","1.199,60",,,
,,,,,,,"28.246,00","1.209,00",,,
,,,,,,,"28.277,00","1.217,80",,,
,,,,,,,"28.307,00","1.226,70",,,
,,,,,,,"28.338,00","1.237,00",,,
,,,,,,,"28.369,00","1.246,20",,,
,,,,,,,"28.399,00","1.254,00",,,
,,,,,,,"28.430,00","1.262,40",,,
,,,,,,,"28.460,00","1.270,30",,,
,,,,,,,"28.491,00","1.279,70",,,
,,,,,,,"28.522,00","1.285,50",,,
,,,,,,,"28.550,00","1.292,20",,,
,,,,,,,"28.581,00","1.300,40",,,
,,,,,,,"28.611,00","1.310,50",,,
,,,,,,,"28.642,00","1.318,50",,,
,,,,,,,"28.672,00","1.324,10",,,
,,,,,,,"28.703,00","1.333,50",,,
,,,,,,,"28.734,00","1.345,00",,,
,,,,,,,"28.764,00","1.352,30",,,
,,,,,,,"28.795,00","1.359,10",,,
,,,,,,,"28.825,00","1.366,00",,,
,,,,,,,"28.856,00","1.371,60",,,
,,,,,,,"28.887,00","1.377,80",,,
,,,,,,,"28.915,00","1.387,80",,,
,,,,,,,"28.946,00","1.402,10",,,
,,,,,,,"28.976,00","1.410,20",,,
,,,,,,,"29.007,00","1.423,00",,,
,,,,,,,"29.037,00","1.434,80",,,
,,,,,,,"29.068,00","1.446,60",,,
,,,,,,,"29.099,00","1.454,10",,,
,,,,,,,"29.129,00","1.460,40",,,
,,,,,,,"29.160,00","1.465,90",,,
,,,,,,,"29.190,00","1.473,70",,,
,,,,,,,"29.221,00","1.482,70",,,
,,,,,,,"29.252,00","1.494,60",,,
,,,,,,,"29.281,00","1.499,80",,,
,,,,,,,"29.312,00","1.502,20",,,
,,,,,,,"29.342,00","1.512,30",,,
,,,,,,,"29.373,00","1.529,20",,,
,,,,,,,"29.403,00","1.545,50",,,
,,,,,,,"29.434,00","1.561,50",,,
,,,,,,,"29.465,00","1.574,00",,,
,,,,,,,"29.495,00","1.584,80",,,
,,,,,,,"29.526,00","1.595,80",,,
,,,,,,,"29.556,00","1.599,80",,,
,,,,,,,"29.587,00","1.606,90",,,
,,,,,,,"29.618,00","1.618,70",,,
,,,,,,,"29.646,00","1.636,60",,,
,,,,,,,"29.677,00","1.659,20",,,
,,,,,,,"29.707,00","1.664,20",,,
,,,,,,,"29.738,00","1.670,30",,,
,,,,,,,"29.768,00","1.681,90",,,
,,,,,,,"29.799,00","1.694,30",,,
,,,,,,,"29.830,00","1.706,00",,,
,,,,,,,"29.860,00","1.721,80",,,
,,,,,,,"29.891,00","1.736,10",,,
,,,,,,,"29.921,00","1.755,50",,,
,,,,,,,"29.952,00","1.770,40",,,
,,,,,,,"29.983,00","1.774,50",,,
,,,,,,,"30.011,00","1.786,50",,,
,,,,,,,"30.042,00","1.803,90",,,
,,,,,,,"30.072,00","1.815,40",,,
,,,,,,,"30.103,00","1.826,00",,,
,,,,,,,"30.133,00","1.831,50",,,
,,,,,,,"30.164,00","1.845,20",,,
,,,,,,,"30.195,00","1.858,40",,,
,,,,,,,"30.225,00","1.869,70",,,
,,,,,,,"30.256,00","1.883,70",,,
,,,,,,,"30.286,00","1.905,90",,,
,,,,,,,"30.317,00","1.959,40",,,
,,,,,,,"30.348,00","1.996,80",,,
,,,,,,,"30.376,00","2.015,20",,,
,,,,,,,"30.407,00","2.028,60",,,
,,,,,,,"30.437,00","2.043,10",,,
,,,,,,,"30.468,00","2.053,50",,,
,,,,,,,"30.498,00","2.064,80",,,
,,,,,,,"30.529,00","2.074,00",,,
,,,,,,,"30.560,00","2.083,20",,,
,,,,,,,"30.590,00","2.099,20",,,
,,,,,,,"30.621,00","2.112,30",,,
,,,,,,,"30.651,00","2.123,50",,,
,,,,,,,"30.682,00","2.138,20",,,
,,,,,,,"30.713,00","2.158,20",,,
,,,,,,,"30.742,00","2.175,20",,,
,,,,,,,"30.773,00","2.191,70",,,
,,,,,,,"30.803,00","2.204,10",,,
,,,,,,,"30.834,00","2.215,10",,,
,,,,,,,"30.864,00","2.223,50",,,
,,,,,,,"30.895,00","2.230,40",,,
,,,,,,,"30.926,00","2.244,40",,,
,,,,,,,"30.956,00","2.258,90",,,
,,,,,,,"30.987,00","2.281,40",,,
,,,,,,,"31.017,00","2.306,40",,,
,,,,,,,"31.048,00","2.332,40",,,
,,,,,,,"31.079,00","2.354,10",,,
,,,,,,,"31.107,00","2.366,20",,,
,,,,,,,"31.138,00","2.375,40",,,
,,,,,,,"31.168,00","2.389,50",,,
,,,,,,,"31.199,00","2.412,60",,,
,,,,,,,"31.229,00","2.429,50",,,
,,,,,,,"31.260,00","2.444,00",,,
,,,,,,,"31.291,00","2.456,40",,,
,,,,,,,"31.321,00","2.468,00",,,
,,,,,,,"31.352,00","2.477,80",,,
,,,,,,,"31.382,00","2.492,10",,,
,,,,,,,"31.413,00","2.502,10",,,
,,,,,,,"31.444,00","2.512,90",,,
,,,,,,,"31.472,00","2.533,10",,,
,,,,,,,"31.503,00","2.557,80",,,
,,,,,,,"31.533,00","2.584,80",,,
,,,,,,,"31.564,00","2.605,00",,,
,,,,,,,"31.594,00","2.626,60",,,
,,,,,,,"31.625,00","2.646,50",,,
,,,,,,,"31.656,00","2.667,80",,,
,,,,,,,"31.686,00","2.687,40",,,
,,,,,,,"31.717,00","2.701,30",,,
,,,,,,,"31.747,00","2.728,00",,,
,,,,,,,"31.778,00","2.743,90",,,
,,,,,,,"31.809,00","2.747,50",,,
,,,,,,,"31.837,00","2.753,70",,,
,,,,,,,"31.868,00","2.767,70",,,
,,,,,,,"31.898,00","2.772,90",,,
,,,,,,,"31.929,00","2.774,60",,,
,,,,,,,"31.959,00","2.779,00",,,
,,,,,,,"31.990,00","2.788,20",,,
,,,,,,,"32.021,00","2.799,50",,,
,,,,,,,"32.051,00","2.814,80",,,
,,,,,,,"32.082,00","2.818,90",,,
,,,,,,,"32.112,00","2.826,40",,,
,,,,,,,"32.143,00","2.847,40",,,
,,,,,,,"32.174,00","2.870,40",,,
,,,,,,,"32.203,00","2.890,70",,,
,,,,,,,"32.234,00","2.910,70",,,
,,,,,,,"32.264,00","2.926,00",,,
,,,,,,,"32.295,00","2.938,40",,,
,,,,,,,"32.325,00","2.947,20",,,
,,,,,,,"32.356,00","2.952,00",,,
,,,,,,,"32.387,00","2.956,90",,,
,,,,,,,"32.417,00","2.965,30",,,
,,,,,,,"32.448,00","2.980,20",,,
,,,,,,,"32.478,00","2.988,20",,,
,,,,,,,"32.509,00","2.991,70",,,
,,,,,,,"32.540,00","2.992,20",,,
,,,,,,,"32.568,00","2.999,70",,,
,,,,,,,"32.599,00","3.006,00",,,
,,,,,,,"32.629,00","3.011,60",,,
,,,,,,,"32.660,00","3.027,90",,,
,,,,,,,"32.690,00","3.052,40",,,
,,,,,,,"32.721,00","3.074,40",,,
,,,,,,,"32.752,00","3.092,50",,,
,,,,,,,"32.782,00","3.114,10",,,
,,,,,,,"32.813,00","3.133,30",,,
,,,,,,,"32.843,00","3.152,50",,,
,,,,,,,"32.874,00","3.166,80",,,
,,,,,,,"32.905,00","3.179,20",,,
,,,,,,,"32.933,00","3.190,10",,,
,,,,,,,"32.964,00","3.201,60",,,
,,,,,,,"32.994,00","3.200,60",,,
,,,,,,,"33.025,00","3.213,70",,,
,,,,,,,"33.055,00","3.224,50",,,
,,,,,,,"33.086,00","3.242,00",,,
,,,,,,,"33.117,00","3.254,60",,,
,,,,,,,"33.147,00","3.259,30",,,
,,,,,,,"33.178,00","3.262,60",,,
,,,,,,,"33.208,00","3.271,80",,,
,,,,,,,"33.239,00","3.287,70",,,
,,,,,,,"33.270,00","3.304,50",,,
,,,,,,,"33.298,00","3.321,90",,,
,,,,,,,"33.329,00","3.332,40",,,
,,,,,,,"33.359,00","3.343,00",,,
,,,,,,,"33.390,00","3.351,90",,,
,,,,,,,"33.420,00","3.356,10",,,
,,,,,,,"33.451,00","3.355,00",,,
,,,,,,,"33.482,00","3.354,90",,,
,,,,,,,"33.512,00","3.360,10",,,
,,,,,,,"33.543,00","3.365,50",,,
,,,,,,,"33.573,00","3.372,20",,,
,,,,,,,"33.604,00","3.381,20",,,
,,,,,,,"33.635,00","3.400,00",,,
,,,,,,,"33.664,00","3.403,90",,,
,,,,,,,"33.695,00","3.399,70",,,
,,,,,,,"33.725,00","3.398,60",,,
,,,,,,,"33.756,00","3.393,40",,,
,,,,,,,"33.786,00","3.393,90",,,
,,,,,,,"33.817,00","3.398,80",,,
,,,,,,,"33.848,00","3.410,30",,,
,,,,,,,"33.878,00","3.423,80",,,
,,,,,,,"33.909,00","3.426,50",,,
,,,,,,,"33.939,00","3.424,70",,,
,,,,,,,"33.970,00","3.419,10",,,
,,,,,,,"34.001,00","3.414,50",,,
,,,,,,,"34.029,00","3.411,70",,,
,,,,,,,"34.060,00","3.411,30",,,
,,,,,,,"34.090,00","3.436,90",,,
,,,,,,,"34.121,00","3.442,40",,,
,,,,,,,"34.151,00","3.442,00",,,
,,,,,,,"34.182,00","3.445,70",,,
,,,,,,,"34.213,00","3.452,20",,,
,,,,,,,"34.243,00","3.456,70",,,
,,,,,,,"34.274,00","3.470,10",,,
,,,,,,,"34.304,00","3.474,50",,,
,,,,,,,"34.335,00","3.474,90",,,
,,,,,,,"34.366,00","3.475,70",,,
,,,,,,,"34.394,00","3.480,10",,,
,,,,,,,"34.425,00","3.481,30",,,
,,,,,,,"34.455,00","3.490,80",,,
,,,,,,,"34.486,00","3.479,50",,,
,,,,,,,"34.516,00","3.488,20",,,
,,,,,,,"34.547,00","3.485,70",,,
,,,,,,,"34.578,00","3.486,10",,,
,,,,,,,"34.608,00","3.484,30",,,
,,,,,,,"34.639,00","3.487,20",,,
,,,,,,,"34.669,00","3.486,40",,,
,,,,,,,"34.700,00","3.492,40",,,
,,,,,,,"34.731,00","3.489,90",,,
,,,,,,,"34.759,00","3.491,10",,,
,,,,,,,"34.790,00","3.499,20",,,
,,,,,,,"34.820,00","3.524,20",,,
,,,,,,,"34.851,00","3.548,90",,,
,,,,,,,"34.881,00","3.567,40",,,
,,,,,,,"34.912,00","3.589,00",,,
,,,,,,,"34.943,00","3.602,10",,,
,,,,,,,"34.973,00","3.613,40",,,
,,,,,,,"35.004,00","3.619,90",,,
,,,,,,,"35.034,00","3.629,50",,,
,,,,,,,"35.065,00","3.647,90",,,
,,,,,,,"35.096,00","3.661,80",,,
,,,,,,,"35.125,00","3.686,90",,,
,,,,,,,"35.156,00","3.697,70",,,
,,,,,,,"35.186,00","3.709,60",,,
,,,,,,,"35.217,00","3.722,50",,,
,,,,,,,"35.247,00","3.737,10",,,
,,,,,,,"35.278,00","3.744,00",,,
,,,,,,,"35.309,00","3.753,40",,,
,,,,,,,"35.339,00","3.772,80",,,
,,,,,,,"35.370,00","3.795,10",,,
,,,,,,,"35.400,00","3.818,60",,,
,,,,,,,"35.431,00","3.834,60",,,
,,,,,,,"35.462,00","3.846,30",,,
,,,,,,,"35.490,00","3.861,20",,,
,,,,,,,"35.521,00","3.877,00",,,
,,,,,,,"35.551,00","3.889,20",,,
,,,,,,,"35.582,00","3.906,00",,,
,,,,,,,"35.612,00","3.923,90",,,
,,,,,,,"35.643,00","3.957,40",,,
,,,,,,,"35.674,00","3.973,10",,,
,,,,,,,"35.704,00","3.992,30",,,
,,,,,,,"35.735,00","4.014,80",,,
,,,,,,,"35.765,00","4.032,90",,,
,,,,,,,"35.796,00","4.056,20",,,
,,,,,,,"35.827,00","4.088,90",,,
,,,,,,,"35.855,00","4.114,30",,,
,,,,,,,"35.886,00","4.140,20",,,
,,,,,,,"35.916,00","4.164,40",,,
,,,,,,,"35.947,00","4.184,10",,,
,,,,,,,"35.977,00","4.203,80",,,
,,,,,,,"36.008,00","4.228,70",,,
,,,,,,,"36.039,00","4.267,60",,,
,,,,,,,"36.069,00","4.307,70",,,
,,,,,,,"36.100,00","4.346,40",,,
,,,,,,,"36.130,00","4.375,20",,,
,,,,,,,"36.161,00","4.402,60",,,
,,,,,,,"36.192,00","4.425,30",,,
,,,,,,,"36.220,00","4.432,10",,,
,,,,,,,"36.251,00","4.460,70",,,
,,,,,,,"36.281,00","4.485,30",,,
,,,,,,,"36.312,00","4.507,20",,,
,,,,,,,"36.342,00","4.534,50",,,
,,,,,,,"36.373,00","4.551,70",,,
,,,,,,,"36.404,00","4.567,70",,,
,,,,,,,"36.434,00","4.591,50",,,
,,,,,,,"36.465,00","4.610,50",,,
,,,,,,,"36.495,00","4.638,00",,,
,,,,,,,"36.526,00","4.666,20",,,
,,,,,,,"36.557,00","4.679,40",,,
,,,,,,,"36.586,00","4.710,20",,,
,,,,,,,"36.617,00","4.766,10",,,
,,,,,,,"36.647,00","4.753,90",,,
,,,,,,,"36.678,00","4.771,80",,,
,,,,,,,"36.708,00","4.789,40",,,
,,,,,,,"36.739,00","4.817,50",,,
,,,,,,,"36.770,00","4.853,20",,,
,,,,,,,"36.800,00","4.869,20",,,
,,,,,,,"36.831,00","4.880,30",,,
,,,,,,,"36.861,00","4.925,00",,,
,,,,,,,"36.892,00","4.975,70",,,
,,,,,,,"36.923,00","5.014,10",,,
,,,,,,,"36.951,00","5.072,00",,,
,,,,,,,"36.982,00","5.135,90",,,
,,,,,,,"37.012,00","5.133,00",,,
,,,,,,,"37.043,00","5.173,50",,,
,,,,,,,"37.073,00","5.203,40",,,
,,,,,,,"37.104,00","5.237,20",,,
,,,,,,,"37.135,00","5.348,40",,,
,,,,,,,"37.165,00","5.337,10",,,
,,,,,,,"37.196,00","5.380,80",,,
,,,,,,,"37.226,00","5.433,80",,,
,,,,,,,"37.257,00","5.454,10",,,
,,,,,,,"37.288,00","5.483,40",,,
,,,,,,,"37.316,00","5.495,20",,,
,,,,,,,"37.347,00","5.495,40",,,
,,,,,,,"37.377,00","5.521,50",,,
,,,,,,,"37.408,00","5.546,50",,,
,,,,,,,"37.438,00","5.589,10",,,
,,,,,,,"37.469,00","5.631,60",,,
,,,,,,,"37.500,00","5.656,00",,,
,,,,,,,"37.530,00","5.700,40",,,
,,,,,,,"37.561,00","5.750,60",,,
,,,,,,,"37.591,00","5.772,00",,,
,,,,,,,"37.622,00","5.804,60",,,
,,,,,,,"37.653,00","5.840,70",,,
,,,,,,,"37.681,00","5.861,40",,,
,,,,,,,"37.712,00","5.898,80",,,
,,,,,,,"37.742,00","5.959,30",,,
,,,,,,,"37.773,00","5.996,00",,,
,,,,,,,"37.803,00","6.042,70",,,
,,,,,,,"37.834,00","6.100,80",,,
,,,,,,,"37.865,00","6.072,80",,,
,,,,,,,"37.895,00","6.063,60",,,
,,,,,,,"37.926,00","6.069,10",,,
,,,,,,,"37.956,00","6.067,30",,,
,,,,,,,"37.987,00","6.075,50",,,
,,,,,,,"38.018,00","6.114,30",,,
,,,,,,,"38.047,00","6.150,10",,,
,,,,,,,"38.078,00","6.191,20",,,
,,,,,,,"38.108,00","6.268,10",,,
,,,,,,,"38.139,00","6.270,50",,,
,,,,,,,"38.169,00","6.284,30",,,
,,,,,,,"38.200,00","6.310,60",,,
,,,,,,,"38.231,00","6.345,30",,,
,,,,,,,"38.261,00","6.373,30",,,
,,,,,,,"38.292,00","6.399,80",,,
,,,,,,,"38.322,00","6.418,30",,,
,,,,,,,"38.353,00","6.424,50",,,
,,,,,,,"38.384,00","6.432,80",,,
,,,,,,,"38.412,00","6.441,90",,,
,,,,,,,"38.443,00","6.455,90",,,
,,,,,,,"38.473,00","6.473,30",,,
,,,,,,,"38.504,00","6.505,80",,,
,,,,,,,"38.534,00","6.537,40",,,
,,,,,,,"38.565,00","6.570,20",,,
,,,,,,,"38.596,00","6.604,30",,,
,,,,,,,"38.626,00","6.638,60",,,
,,,,,,,"38.657,00","6.655,00",,,
,,,,,,,"38.687,00","6.681,90",,,
,,,,,,,"38.718,00","6.724,30",,,
,,,,,,,"38.749,00","6.748,60",,,
,,,,,,,"38.777,00","6.762,90",,,
,,,,,,,"38.808,00","6.800,10",,,
,,,,,,,"38.838,00","6.806,90",,,
,,,,,,,"38.869,00","6.844,90",,,
,,,,,,,"38.899,00","6.886,30",,,
,,,,,,,"38.930,00","6.917,10",,,
,,,,,,,"38.961,00","6.944,20",,,
,,,,,,,"38.991,00","6.993,30",,,
,,,,,,,"39.022,00","7.028,40",,,
,,,,,,,"39.052,00","7.071,60",,,
,,,,,,,"39.083,00","7.109,60",,,
,,,,,,,"39.114,00","7.125,30",,,
,,,,,,,"39.142,00","7.159,10",,,
,,,,,,,"39.173,00","7.231,30",,,
,,,,,,,"39.203,00","7.245,40",,,
,,,,,,,"39.234,00","7.278,60",,,
,,,,,,,"39.264,00","7.309,00",,,
,,,,,,,"39.295,00","7.385,10",,,
,,,,,,,"39.326,00","7.403,20",,,
,,,,,,,"39.356,00","7.417,20",,,
,,,,,,,"39.387,00","7.441,80",,,
,,,,,,,"39.417,00","7.471,60",,,
,,,,,,,"39.448,00","7.505,50",,,
,,,,,,,"39.479,00","7.590,60",,,
,,,,,,,"39.508,00","7.656,20",,,
,,,,,,,"39.539,00","7.699,20",,,
,,,,,,,"39.569,00","7.711,20",,,
,,,,,,,"39.600,00","7.728,90",,,
,,,,,,,"39.630,00","7.775,40",,,
,,,,,,,"39.661,00","7.790,20",,,
,,,,,,,"39.692,00","7.859,50",,,
,,,,,,,"39.722,00","7.965,30",,,
,,,,,,,"39.753,00","8.015,80",,,
,,,,,,,"39.783,00","8.192,10",,,
,,,,,,,"39.814,00","8.273,70",,,
,,,,,,,"39.845,00","8.303,10",,,
,,,,,,,"39.873,00","8.369,30",,,
,,,,,,,"39.904,00","8.372,90",,,
,,,,,,,"39.934,00","8.430,70",,,
,,,,,,,"39.965,00","8.440,50",,,
,,,,,,,"39.995,00","8.445,10",,,
,,,,,,,"40.026,00","8.445,00",,,
,,,,,,,"40.057,00","8.444,20",,,
,,,,,,,"40.087,00","8.471,10",,,
,,,,,,,"40.118,00","8.500,80",,,
,,,,,,,"40.148,00","8.496,00",,,
,,,,,,,"40.179,00","8.458,10",,,
,,,,,,,"40.210,00","8.507,40",,,
,,,,,,,"40.238,00","8.504,50",,,
,,,,,,,"40.269,00","8.535,20",,,
,,,,,,,"40.299,00","8.589,90",,,
,,,,,,,"40.330,00","8.609,00",,,
,,,,,,,"40.360,00","8.618,80",,,
,,,,,,,"40.391,00","8.669,10",,,
,,,,,,,"40.422,00","8.700,10",,,
,,,,,,,"40.452,00","8.749,40",,,
,,,,,,,"40.483,00","8.770,00",,,
,,,,,,,"40.513,00","8.801,80",,,
,,,,,,,"40.544,00","8.823,10",,,
,,,,,,,"40.575,00","8.886,90",,,
,,,,,,,"40.603,00","8.943,50",,,
,,,,,,,"40.634,00","9.004,90",,,
,,,,,,,"40.664,00","9.075,50",,,
,,,,,,,"40.695,00","9.151,00",,,
,,,,,,,"40.725,00","9.316,60",,,
,,,,,,,"40.756,00","9.507,60",,,
,,,,,,,"40.787,00","9.528,30",,,
,,,,,,,"40.817,00","9.562,10",,,
,,,,,,,"40.848,00","9.612,60",,,
,,,,,,,"40.878,00","9.660,10",,,
,,,,,,,"40.909,00","9.733,30",,,
,,,,,,,"40.940,00","9.785,70",,,
,,,,,,,"40.969,00","9.830,60",,,
,,,,,,,"41.000,00","9.884,60",,,
,,,,,,,"41.030,00","9.928,40",,,
,,,,,,,"41.061,00","9.999,30",,,
,,,,,,,"41.091,00","10.051,80",,,
,,,,,,,"41.122,00","10.121,30",,,
,,,,,,,"41.153,00","10.200,80",,,
,,,,,,,"41.183,00","10.267,30",,,
,,,,,,,"41.214,00","10.337,60",,,
,,,,,,,"41.244,00","10.459,70",,,
,,,,,,,"41.275,00","10.482,90",,,
,,,,,,,"41.306,00","10.501,30",,,
,,,,,,,"41.334,00","10.558,30",,,
,,,,,,,"41.365,00","10.586,30",,,
,,,,,,,"41.395,00","10.621,00",,,
,,,,,,,"41.426,00","10.678,70",,,
,,,,,,,"41.456,00","10.718,40",,,
,,,,,,,"41.487,00","10.776,60",,,
,,,,,,,"41.518,00","10.837,20",,,
,,,,,,,"41.548,00","10.961,60",,,
,,,,,,,"41.579,00","10.969,70",,,
,,,,,,,"41.609,00","11.035,00",,,
,,,,,,,"41.640,00","11.080,80",,,
,,,,,,,"41.671,00","11.178,80",,,
,,,,,,,"41.699,00","11.208,10",,,
,,,,,,,"41.730,00","11.257,70",,,
,,,,,,,"41.760,00","11.321,00",,,
,,,,,,,"41.791,00","11.374,90",,,
,,,,,,,"41.821,00","11.429,90",,,
,,,,,,,"41.852,00","11.458,90",,,
,,,,,,,"41.883,00","11.499,80",,,
,,,,,,,"41.913,00","11.566,00",,,
,,,,,,,"41.944,00","11.604,80",,,
,,,,,,,"41.974,00","11.684,90",,,
,,,,,,,"42.005,00","11.745,60",,,
,,,,,,,"42.036,00","11.879,00",,,
,,,,,,,"42.064,00","11.886,80",,,
,,,,,,,"42.095,00","11.928,90",,,
,,,,,,,"42.125,00","11.957,90",,,
,,,,,,,"42.156,00","12.001,70",,,
,,,,,,,"42.186,00","12.051,30",,,
,,,,,,,"42.217,00","12.101,90",,,
,,,,,,,"42.248,00","12.160,80",,,
,,,,,,,"42.278,00","12.195,90",,,
,,,,,,,"42.309,00","12.284,60",,,
,,,,,,,"42.339,00","12.346,80",,,
,,,,,,,"42.370,00","12.469,90",,,
,,,,,,,"42.401,00","12.556,70",,,
,,,,,,,"42.430,00","12.616,70",,,
,,,,,,,"42.461,00","12.700,40",,,
,,,,,,,"42.491,00","12.766,20",,,
,,,,,,,"42.522,00","12.829,40",,,
,,,,,,,"42.552,00","12.887,70",,,
,,,,,,,"42.583,00","12.972,80",,,
,,,,,,,"42.614,00","13.033,60",,,
,,,,,,,"42.644,00","13.100,50",,,
,,,,,,,"42.675,00","13.173,40",,,
,,,,,,,"42.705,00","13.213,40",,,
,,,,,,,"42.736,00","13.283,40",,,
,,,,,,,"42.767,00","13.358,80",,,
,,,,,,,"42.795,00","13.426,90",,,
,,,,,,,"42.826,00","13.484,90",,,
,,,,,,,"42.856,00","13.538,10",,,
,,,,,,,"42.887,00","13.559,20",,,
,,,,,,,"42.917,00","13.618,70",,,
,,,,,,,"42.948,00","13.673,70",,,
,,,,,,,"42.979,00","13.717,90",,,
,,,,,,,"43.009,00","13.770,10",,,
,,,,,,,"43.040,00","13.799,90",,,
,,,,,,,"43.070,00","13.857,90",,,
,,,,,,,"43.101,00","13.869,70",,,
,,,,,,,"43.132,00","13.912,30",,,
,,,,,,,"43.160,00","13.970,20",,,
,,,,,,,"43.191,00","13.988,80",,,
,,,,,,,"43.221,00","14.047,20",,,
,,,,,,,"43.252,00","14.103,60",,,
,,,,,,,"43.282,00","14.139,20",,,
,,,,,,,"43.313,00","14.181,30",,,
,,,,,,,"43.344,00","14.212,90",,,
,,,,,,,"43.374,00","14.222,50",,,
,,,,,,,"43.405,00","14.236,80",,,
,,,,,,,"43.435,00","14.362,70",,,
,,,,,,,"43.466,00","14.430,00",,,
,,,,,,,"43.497,00","14.469,90",,,
,,,,,,,"43.525,00","14.509,90",,,
,,,,,,,"43.556,00","14.541,00",,,
,,,,,,,"43.586,00","14.643,20",,,
,,,,,,,"43.617,00","14.757,70",,,
,,,,,,,"43.647,00","14.840,60",,,
,,,,,,,"43.678,00","14.914,60",,,
,,,,,,,"43.709,00","15.008,10",,,
,,,,,,,"43.739,00","15.140,80",,,
,,,,,,,"43.770,00","15.242,20",,,
,,,,,,,"43.800,00","15.320,70",,,
,,,,,,,"43.831,00","15.396,00",,,
,,,,,,,"43.862,00","15.450,30",,,
,,,,,,,"43.891,00","15.978,70",,,
,,,,,,,"43.922,00","16.997,60",,,
,,,,,,,"43.952,00","17.851,10",,,
,,,,,,,"43.983,00","18.131,70",,,
,,,,,,,"44.013,00","18.286,30",,,
,,,,,,,"44.044,00","18.346,00",,,
,,,,,,,"44.075,00","18.577,30",,,
,,,,,,,"44.105,00","18.729,10",,,
,,,,,,,"44.136,00","18.949,30",,,
,,,,,,,"44.166,00","19.114,20",,,
,,,,,,,"44.197,00","19.356,80",,,
,,,,,,,"44.228,00","19.600,10",,,
,,,,,,,"44.256,00","19.841,00",,,
,,,,,,,"44.287,00","20.116,70",,,
,,,,,,,"44.317,00","20.430,90",,,
,,,,,,,"44.348,00","20.506,50",,,
,,,,,,,"44.378,00","20.662,60",,,
,,,,,,,"44.409,00","20.847,20",,,
,,,,,,,"44.440,00","20.963,90",,,
,,,,,,,"44.470,00","21.116,10",,,
,,,,,,,"44.501,00","21.316,00",,,
,,,,,,,"44.531,00","21.549,30",,,
,,,,,,,"44.562,00","21.562,40",,,
,,,,,,,"44.593,00","21.571,10",,,
,,,,,,,"44.621,00","21.698,20",,,
,,,,,,,"44.652,00","21.677,70",,,
,,,,,,,"44.682,00","21.665,70",,,
,,,,,,,"44.713,00","21.666,50",,,
,,,,,,,"44.743,00","21.703,80",,,
,,,,,,,"44.774,00","21.660,00",,,
,,,,,,,"44.805,00","21.524,20",,,
,,,,,,,"44.835,00","21.432,10",,,
,,,,,,,"44.866,00","21.398,70",,,
,,,,,,,"44.896,00","21.358,10",,,
,,,,,,,"44.927,00","21.212,60",,,
,,,,,,,"44.958,00","21.076,90",,,
,,,,,,,"44.986,00","20.840,30",,,
,,,,,,,"45.017,00","20.673,10",,,